{
    "parent": "block/block",
    "textures": {
        "inside": "block/beehive_inside_3"
    },
    "elements": [
        {
            "from": [3,2,0],
            "to": [13,2,3],
            "faces": {
                "up": {
                    "uv": [14,11,4,8],
                    "texture": "#inside"
                }
            }
        },
        {
            "from": [3,5,0],
            "to": [13,5,4],
            "faces": {
                "down": {
                    "uv": [14,4,4,0],
                    "texture": "#inside"
                }
            }
        },
        {
            "from": [13,2,0],
            "to": [13,5,4],
            "faces": {
                "west": {
                    "uv": [0,4,4,7],
                    "texture": "#inside"
                }
            }
        },
        {
            "from": [3,3,4],
            "to": [13,5,4],
            "faces": {
                "north": {
                    "uv": [4,4,14,6],
                    "texture": "#inside"
                }
            }
        },
        {
            "from": [3,2,0],
            "to": [3,5,4],
            "faces": {
                "east": {
                    "uv": [0,7,4,10],
                    "texture": "#inside"
                }
            }
        },

        {
            "from": [3,3,2],
            "to": [4,4,4],
            "faces": {
                "east": {
                    "uv": [13,12,15,13],
                    "texture": "#inside"
                },
                "up": {
                    "uv": [15,12,16,10],
                    "texture": "#inside"
                },
                "north": {
                    "uv": [15,12,16,13],
                    "texture": "#inside"
                }
            }
        },
        {
            "from": [3,2,1],
            "to": [5,3,2],
            "faces": {
                "east": {
                    "uv": [10,14,11,15],
                    "texture": "#inside"
                },
                "up": {
                    "uv": [13,13,11,14],
                    "texture": "#inside"
                },
                "north": {
                    "uv": [11,14,13,15],
                    "texture": "#inside"
                }
            }
        },
        {
            "from": [4,2,2],
            "to": [6,3,4],
            "faces": {
                "east": {
                    "uv": [8,12,10,13],
                    "texture": "#inside"
                },
                "up": {
                    "uv": [12,11,10,12],
                    "texture": "#inside"
                },
                "north": {
                    "uv": [10,12,12,13],
                    "texture": "#inside"
                }
            }
        },
        {
            "from": [6,2,3],
            "to": [9,3,4],
            "faces": {
                "up": {
                    "uv": [8,11,5,12],
                    "texture": "#inside"
                },
                "north": {
                    "uv": [5,12,8,13],
                    "texture": "#inside"
                }
            }
        },
        {
            "from": [9,3,3],
            "to": [13,4,4],
            "faces": {
                "west": {
                    "uv": [4,11,5,12],
                    "texture": "#inside"
                },
                "up": {
                    "uv": [4,10,0,11],
                    "texture": "#inside"
                },
                "north": {
                    "uv": [0,11,4,12],
                    "texture": "#inside"
                }
            }
        },
        {
            "from": [8,2,2],
            "to": [13,3,3],
            "faces": {
                "west": {
                    "uv": [5,13,6,14],
                    "texture": "#inside"
                },
                "up": {
                    "uv": [5,12,0,13],
                    "texture": "#inside"
                },
                "north": {
                    "uv": [0,13,5,14],
                    "texture": "#inside"
                }
            }
        },
        {
            "from": [10,2,1],
            "to": [12,3,2],
            "faces": {
                "east": {
                    "uv": [0,15,1,16],
                    "texture": "#inside"
                },
                "west": {
                    "uv": [0,0,1,1],
                    "texture": "#inside"
                },
                "up": {
                    "uv": [3,14,1,15],
                    "texture": "#inside"
                },
                "north": {
                    "uv": [1,15,3,16],
                    "texture": "#inside"
                }
            }
        }
    ]
}
