{
    "parent": "block/block",
    "textures": {
        "particle": "#inside",
        "inside": "block/beehive_inside_2"
    },
    "elements": [
        {
            "from": [3,2,0],
            "to": [13,2,4],
            "faces": {
                "up": {
                    "uv": [14,11,4,7],
                    "texture": "#inside"
                }
            }
        },
        {
            "from": [3,5,0],
            "to": [13,5,4],
            "faces": {
                "down": {
                    "uv": [14,4,4,0],
                    "texture": "#inside"
                }
            }
        },
        {
            "from": [13,2,0],
            "to": [13,5,4],
            "faces": {
                "west": {
                    "uv": [0,4,4,7],
                    "texture": "#inside"
                }
            }
        },
        {
            "from": [3,2,4],
            "to": [13,5,4],
            "faces": {
                "north": {
                    "uv": [4,4,14,7],
                    "texture": "#inside"
                }
            }
        },
        {
            "from": [3,2,0],
            "to": [3,5,4],
            "faces": {
                "east": {
                    "uv": [0,7,4,10],
                    "texture": "#inside"
                }
            }
        },

        {
            "from": [3,2,3],
            "to": [5,3,4],
            "faces": {
                "up": {
                    "uv": [16,11,14,12],
                    "texture": "#inside"
                },
                "east": {
                    "uv": [13,12,14,13],
                    "texture": "#inside"
                },
                "north": {
                    "uv": [14,12,16,13],
                    "texture": "#inside"
                }
            }
        },
        {
            "from": [9,2,3],
            "to": [13,3,4],
            "faces": {
                "up": {
                    "uv": [4,11,0,12],
                    "texture": "#inside"
                },
                "west": {
                    "uv": [4,12,5,13],
                    "texture": "#inside"
                },
                "north": {
                    "uv": [0,12,4,13],
                    "texture": "#inside"
                }
            }
        }
    ]
}
