{
    "parent": "block/block",
    "textures": {
        "inside": "block/beehive_inside_4"
    },
    "elements": [
        {
            "from": [3,2,0],
            "to": [13,2,2],
            "faces": {
                "up": {
                    "uv": [14,11,4,9],
                    "texture": "#inside"
                }
            }
        },
        {
            "from": [3,5,0],
            "to": [13,5,4],
            "faces": {
                "down": {
                    "uv": [14,4,4,0],
                    "texture": "#inside"
                }
            }
        },
        {
            "from": [13,2,0],
            "to": [13,5,2],
            "faces": {
                "west": {
                    "uv": [0,4,2,7],
                    "texture": "#inside"
                }
            }
        },
        {
            "from": [7,4,4],
            "to": [10,5,4],
            "faces": {
                "north": {
                    "uv": [7,3,8,4],
                    "texture": "#inside"
                }
            }
        },
        {
            "from": [3,2,0],
            "to": [3,5,2],
            "faces": {
                "east": {
                    "uv": [2,7,4,10],
                    "texture": "#inside"
                }
            }
        },
        
        {
            "from": [3,2,1],
            "to": [8,3,2],
            "faces": {
                "east": {
                    "uv": [10,15,11,16],
                    "texture": "#inside"
                },
                "north": {
                    "uv": [11,15,16,16],
                    "texture": "#inside"
                },
                "up": {
                    "uv": [16,14,11,15],
                    "texture": "#inside"
                }
            }
        },
        {
            "from": [3,3,1],
            "to": [4,4,2],
            "faces": {
                "east": {
                    "uv": [14,13,15,14],
                    "texture": "#inside"
                },
                "north": {
                    "uv": [15,13,16,14],
                    "texture": "#inside"
                },
                "up": {
                    "uv": [16,12,15,13],
                    "texture": "#inside"
                }
            }
        },
        {
            "from": [4,3,2],
            "to": [6,4,3],
            "faces": {
                "east": {
                    "uv": [11,13,12,14],
                    "texture": "#inside"
                },
                "north": {
                    "uv": [12,13,14,14],
                    "texture": "#inside"
                },
                "up": {
                    "uv": [14,12,12,13],
                    "texture": "#inside"
                }
            }
        },
        {
            "from": [3,4,2],
            "to": [5,5,3],
            "faces": {
                "east": {
                    "uv": [13,11,14,12],
                    "texture": "#inside"
                },
                "north": {
                    "uv": [14,11,15,12],
                    "texture": "#inside"
                }
            }
        },
        {
            "from": [5,4,3],
            "to": [7,5,4],
            "faces": {
                "east": {
                    "uv": [8,11,9,12],
                    "texture": "#inside"
                },
                "north": {
                    "uv": [9,11,11,12],
                    "texture": "#inside"
                }
            }
        },
        {
            "from": [6,3,3],
            "to": [10,4,4],
            "faces": {
                "north": {
                    "uv": [6,13,10,14],
                    "texture": "#inside"
                },
                "up": {
                    "uv": [10,12,6,13],
                    "texture": "#inside"
                }
            }
        },
        {
            "from": [6,2,2],
            "to": [9,3,3],
            "faces": {
                "north": {
                    "uv": [7,15,10,16],
                    "texture": "#inside"
                },
                "up": {
                    "uv": [9,14,7,15],
                    "texture": "#inside"
                }
            }
        },
        {
            "from": [9,2,1],
            "to": [13,3,2],
            "faces": {
                "west": {
                    "uv": [4,15,5,16],
                    "texture": "#inside"
                },
                "north": {
                    "uv": [0,15,4,16],
                    "texture": "#inside"
                },
                "up": {
                    "uv": [4,14,0,15],
                    "texture": "#inside"
                }
            }
        },
        {
            "from": [9,3,2],
            "to": [13,4,3],
            "faces": {
                "west": {
                    "uv": [4,13,5,14],
                    "texture": "#inside"
                },
                "north": {
                    "uv": [0,13,4,14],
                    "texture": "#inside"
                },
                "up": {
                    "uv": [4,12,0,13],
                    "texture": "#inside"
                }
            }
        },
        {
            "from": [10,4,3],
            "to": [12,5,4],
            "faces": {
                "west": {
                    "uv": [4,11,5,12],
                    "texture": "#inside"
                },
                "north": {
                    "uv": [2,11,4,12],
                    "texture": "#inside"
                }
            }
        },
        {
            "from": [12,4,2],
            "to": [13,5,3],
            "faces": {
                "west": {
                    "uv": [1,11,2,12],
                    "texture": "#inside"
                },
                "north": {
                    "uv": [0,11,1,12],
                    "texture": "#inside"
                }
            }
        }
    ]
}
