{
    "parent": "block/block",
    "textures": {
        "particle": "#front"
    },
    "elements": [
        {
            "from": [
                0,
                0,
                0
            ],
            "to": [
                16,
                2,
                16
            ],
            "faces": {
                "down": {
                    "texture": "#bottom",
                    "cullface": "down"
                },
                "north": {
                    "texture": "#front",
                    "cullface": "north"
                }
            }
        },
        {
            "from": [
                0,
                5,
                0
            ],
            "to": [
                16,
                16,
                16
            ],
            "faces": {
                "up": {
                    "texture": "#top",
                    "cullface": "up"
                },
                "north": {
                    "texture": "#front",
                    "cullface": "north"
                }
            }
        },
        {
            "from": [
                13,
                0,
                0
            ],
            "to": [
                16,
                16,
                16
            ],
            "faces": {
                "east": {
                    "texture": "#side",
                    "cullface": "east"
                },
                "north": {
                    "texture": "#front",
                    "cullface": "north"
                }
            }
        },
        {
            "from": [
                0,
                0,
                4
            ],
            "to": [
                16,
                16,
                16
            ],
            "faces": {
                "south": {
                    "texture": "#side",
                    "cullface": "south"
                }
            }
        },
        {
            "from": [
                0,
                0,
                0
            ],
            "to": [
                3,
                16,
                16
            ],
            "faces": {
                "west": {
                    "texture": "#side",
                    "cullface": "west"
                },
                "north": {
                    "texture": "#front",
                    "cullface": "north"
                }
            }
        }
    ]
}
