{
    "parent": "block/block",
    "textures": {
        "inside": "block/beehive_inside_0"
    },
    "elements": [
        {
            "from": [3,2,0],
            "to": [13,2,4],
            "faces": {
                "up": {
                    "uv": [14,11,4,7],
                    "texture": "#inside"
                }
            }
        },
        {
            "from": [3,5,0],
            "to": [13,5,4],
            "faces": {
                "down": {
                    "uv": [14,4,4,0],
                    "texture": "#inside"
                }
            }
        },
        {
            "from": [13,2,0],
            "to": [13,5,4],
            "faces": {
                "west": {
                    "uv": [0,4,4,7],
                    "texture": "#inside"
                }
            }
        },
        {
            "from": [3,2,4],
            "to": [13,5,4],
            "faces": {
                "north": {
                    "uv": [4,4,14,7],
                    "texture": "#inside"
                }
            }
        },
        {
            "from": [3,2,0],
            "to": [3,5,4],
            "faces": {
                "east": {
                    "uv": [0,7,4,10],
                    "texture": "#inside"
                }
            }
        }
    ]
}
