{
  "entity.bee.death": {
    "replace": true,
    "sounds": [
      "mob/pig/death"
    ],
    "subtitle": "subtitles.entity.bee.death"
  },
  "entity.bee.hurt": {
    "replace": true,
    "sounds": [
      "mob/pig/say1",
      {
        "name": "mob/pig/say1",
        "pitch": 1.2
      },
      "mob/pig/say2",
      {
        "name": "mob/pig/say2",
        "pitch": 1.2
      },
      "mob/pig/say3",
      {
        "name": "mob/pig/say3",
        "pitch": 1.2
      }
    ],
    "subtitle": "subtitles.entity.bee.hurt"
  },
  "entity.bee.loop": {
    "replace": true,
    "sounds": [
      {
        "attenuation_distance": 6,
        "name": "mob/bee/loop1",
        "volume": 0.8
      },
      {
        "attenuation_distance": 6,
        "name": "mob/bee/loop2",
        "volume": 0.8
      },
      {
        "attenuation_distance": 6,
        "name": "mob/bee/loop3",
        "volume": 1
      }
    ],
    "subtitle": "subtitles.entity.bee.loop"
  },
  "entity.bee.loop_aggressive": {
    "replace": false,
    "sounds":[],
    "sounds_": [
      {
        "attenuation_distance": 10,
        "name": "mob/bee/aggressive1",
        "volume": 1.1
      },
      {
        "attenuation_distance": 10,
        "name": "mob/bee/aggressive2",
        "volume": 1.1
      },
      {
        "attenuation_distance": 10,
        "name": "mob/bee/aggressive3",
        "volume": 1.2
      },
      {
        "attenuation_distance": 10,
        "name": "mob/bee/aggressive4",
        "volume": 1
      }
    ],
    "subtitle": "subtitles.entity.bee.loop_aggressive"
  },
  "entity.bee.pollinate": {
    "replace": true,
    "sounds": [
      {
        "attenuation_distance": 12,
        "name": "mob/bee/pollinate1",
        "volume": 0.4
      },
      {
        "attenuation_distance": 12,
        "name": "mob/bee/pollinate2",
        "volume": 0.2
      },
      {
        "attenuation_distance": 12,
        "name": "mob/bee/pollinate3",
        "volume": 0.15
      }
    ],
    "subtitle": "subtitles.entity.bee.pollinate"
  },
  "entity.bee.sting": {
    "replace": true,
    "sounds": [
      {
        "name": "mob/bee/sting",
        "pitch": 1.2,
        "volume": 0.8
      },
      {
        "name": "mob/bee/sting",
        "pitch": 1.4,
        "volume": 0.8
      },
      {
        "name": "mob/bee/sting2",
        "pitch": 0.6,
        "volume": 0.8
      },
      {
        "name": "mob/bee/sting2",
        "pitch": 0.8,
        "volume": 0.8
      }
    ],
    "subtitle": "subtitles.entity.bee.sting"
  }
}
