{
  "variants": {
    "facing=east,honey_level=0": {
      "y": 90,
      "model": "minecraft:block/bee_nest_0"
    },
    "facing=east,honey_level=1": {
      "y": 90,
      "model": "minecraft:block/bee_nest_1"
    },
    "facing=east,honey_level=2": {
      "y": 90,
      "model": "minecraft:block/bee_nest_2"
    },
    "facing=east,honey_level=3": {
      "y": 90,
      "model": "minecraft:block/bee_nest_3"
    },
    "facing=east,honey_level=4": {
      "y": 90,
      "model": "minecraft:block/bee_nest_4"
    },
    "facing=east,honey_level=5": {
      "y": 90,
      "model": "minecraft:block/bee_nest_5"
    },
    "facing=north,honey_level=0": {
      "model": "minecraft:block/bee_nest_0"
    },
    "facing=north,honey_level=1": {
      "model": "minecraft:block/bee_nest_1"
    },
    "facing=north,honey_level=2": {
      "model": "minecraft:block/bee_nest_2"
    },
    "facing=north,honey_level=3": {
      "model": "minecraft:block/bee_nest_3"
    },
    "facing=north,honey_level=4": {
      "model": "minecraft:block/bee_nest_4"
    },
    "facing=north,honey_level=5": {
      "model": "minecraft:block/bee_nest_5"
    },
    "facing=south,honey_level=0": {
      "y": 180,
      "model": "minecraft:block/bee_nest_0"
    },
    "facing=south,honey_level=1": {
      "y": 180,
      "model": "minecraft:block/bee_nest_1"
    },
    "facing=south,honey_level=2": {
      "y": 180,
      "model": "minecraft:block/bee_nest_2"
    },
    "facing=south,honey_level=3": {
      "y": 180,
      "model": "minecraft:block/bee_nest_3"
    },
    "facing=south,honey_level=4": {
      "y": 180,
      "model": "minecraft:block/bee_nest_4"
    },
    "facing=south,honey_level=5": {
      "y": 180,
      "model": "minecraft:block/bee_nest_5"
    },
    "facing=west,honey_level=0": {
      "y": 270,
      "model": "minecraft:block/bee_nest_0"
    },
    "facing=west,honey_level=1": {
      "y": 270,
      "model": "minecraft:block/bee_nest_1"
    },
    "facing=west,honey_level=2": {
      "y": 270,
      "model": "minecraft:block/bee_nest_2"
    },
    "facing=west,honey_level=3": {
      "y": 270,
      "model": "minecraft:block/bee_nest_3"
    },
    "facing=west,honey_level=4": {
      "y": 270,
      "model": "minecraft:block/bee_nest_4"
    },
    "facing=west,honey_level=5": {
      "y": 270,
      "model": "minecraft:block/bee_nest_5"
    }
  }
}
