{
    "parent": "minecraft:block/beehive_stage_0",
    "textures": {
        "top": "block/beehive_top_0",
        "bottom": "block/beehive_bottom_0",
        "side": "block/beehive_side_0",
        "front": "block/beehive_front_0",
        "inside": "block/beehive_inside_0"
    },
    "elements": [
        {
            "from": [
                0,
                0,
                0
            ],
            "to": [
                16,
                2,
                16
            ],
            "faces": {
                "down": {
                    "texture": "#bottom",
                    "cullface": "down"
                },
                "north": {
                    "texture": "#front",
                    "cullface": "north"
                }
            }
        },
        {
            "from": [
                0,
                5,
                0
            ],
            "to": [
                16,
                16,
                16
            ],
            "faces": {
                "up": {
                    "texture": "#top",
                    "cullface": "up"
                },
                "north": {
                    "texture": "#front",
                    "cullface": "north"
                }
            }
        },
        {
            "from": [
                13,
                0,
                0
            ],
            "to": [
                16,
                16,
                16
            ],
            "faces": {
                "east": {
                    "texture": "#side",
                    "cullface": "east"
                },
                "north": {
                    "texture": "#front",
                    "cullface": "north"
                }
            }
        },
        {
            "from": [
                0,
                0,
                4
            ],
            "to": [
                16,
                16,
                16
            ],
            "faces": {
                "south": {
                    "texture": "#side",
                    "cullface": "south"
                }
            }
        },
        {
            "from": [
                0,
                0,
                0
            ],
            "to": [
                3,
                16,
                16
            ],
            "faces": {
                "west": {
                    "texture": "#side",
                    "cullface": "west"
                },
                "north": {
                    "texture": "#front",
                    "cullface": "north"
                }
            }
        },
        {
            "from": [3,2,0],
            "to": [13,2,4],
            "faces": {
                "up": {
                    "uv": [14,11,4,7],
                    "texture": "#inside"
                }
            }
        },
        {
            "from": [3,5,0],
            "to": [13,5,4],
            "faces": {
                "down": {
                    "uv": [14,4,4,0],
                    "texture": "#inside"
                }
            }
        },
        {
            "from": [13,2,0],
            "to": [13,5,4],
            "faces": {
                "west": {
                    "uv": [0,4,4,7],
                    "texture": "#inside"
                }
            }
        },
        {
            "from": [3,2,4],
            "to": [13,5,4],
            "faces": {
                "north": {
                    "uv": [4,4,14,7],
                    "texture": "#inside"
                }
            }
        },
        {
            "from": [3,2,0],
            "to": [3,5,4],
            "faces": {
                "east": {
                    "uv": [0,7,4,10],
                    "texture": "#inside"
                }
            }
        }
    ]
}
